1A	0.0	0.0
1A	1.7075	1.7075
1A	3.415	3.415
1A	12.608	12.608
1A	14.7975	14.7975
1A	16.987	16.987
1A	18.213	18.213
1A	19.439	20.586
1A	20.0125	20.586
1A	20.586	20.586
1A	21.1595	20.586
1A	21.733	20.586
1A	22.87	22.87
1A	24.007	24.007
1A	25.144	25.144
1A	26.281	26.858
1A	26.858	26.858
1A	27.435	26.858
1A	28.574	28.574
1A	30.867	31.435
1A	31.435	31.435
1A	32.003	31.435
1A	33.1405	34.2774
1A	33.7085	34.2774
1A	34.278	34.2774
1A	34.846	34.2774
1A	35.414	34.2774
1A	35.9825	36.834875
1A	36.551	36.834875
1A	37.119	36.834875
1A	37.687	36.834875
1A	38.8245	38.8245
1A	39.962	40.53
1A	40.53	40.53
1A	41.098	40.53
1A	42.237	42.521
1A	42.805	42.521
1A	44.512	44.512
1A	45.6495	45.6495
1A	46.7865	46.78675
1A	46.787	46.78675
1A	47.924	49.2504166667
1A	48.4925	49.2504166667
1A	49.061	49.2504166667
1A	49.6295	49.2504166667
1A	50.1975	49.2504166667
1A	50.198	49.2504166667
1A	50.766	51.618375
1A	51.334	51.618375
1A	51.9025	51.618375
1A	52.471	51.618375
1A	53.608	53.608
1A	54.745	55.8817
1A	55.3135	55.8817
1A	55.882	55.8817
1A	56.45	55.8817
1A	57.018	55.8817
1A	57.5865	58.723
1A	58.155	58.723
1A	58.723	58.723
1A	59.291	58.723
1A	59.8595	58.723
1A	60.4275	61.4019285714
1A	60.428	61.4019285714
1A	60.996	61.4019285714
1A	61.564	61.4019285714
1A	61.5645	61.4019285714
1A	62.1325	61.4019285714
1A	62.701	61.4019285714
1A	64.408	64.408
1A	66.115	67.2516666667
1A	66.6835	67.2516666667
1A	67.2515	67.2516666667
1A	67.252	67.2516666667
1A	67.82	67.2516666667
1A	68.388	67.2516666667
1A	68.9565	69.24075
1A	69.525	69.24075
1A	70.6635	70.6635
1A	72.939	74.076
1A	73.5075	74.076
1A	74.076	74.076
1A	74.6445	74.076
1A	75.213	74.076
1A	75.781	76.633375
1A	76.349	76.633375
1A	76.9175	76.633375
1A	77.486	76.633375
1A	79.193	79.193
1A	80.9	80.9
1A	82.037	82.037
1A	83.174	83.17575
1A	83.1775	83.17575
1A	84.3145	84.3145
1A	85.455	85.455
1A	86.5955	86.5955
1A	87.736	87.736
1A	96.127	97.024
1A	97.024	97.024
1A	97.921	97.024
1A	105.085	105.085
1A	106.82	106.82
1A	108.554	109.6902
1A	109.122	109.6902
1A	109.69	109.6902
1A	110.258	109.6902
1A	110.827	109.6902
1A	111.395	112.5318
1A	111.964	112.5318
1A	112.532	112.5318
1A	113.1	112.5318
1A	113.668	112.5318
1A	114.237	114.862333333
1A	114.862	114.862333333
1A	115.488	114.862333333
1A	116.683	116.683
1A	117.878	117.878
1B	0.0	0.0
1B	1.137	1.137
1B	2.274	2.274
1B	5.689	6.8253
1B	6.257	6.8253
1B	6.825	6.8253
1B	7.3935	6.8253
1B	7.962	6.8253
1B	9.1005	9.38475
1B	9.669	9.38475
1B	11.376	11.376
1B	12.513	12.513
1B	13.65	13.65
1B	15.3575	15.3575
1B	17.065	18.2013
1B	17.633	18.2013
1B	18.201	18.2013
1B	18.7695	18.2013
1B	19.338	18.2013
1B	20.475	20.475
1B	21.612	21.612
1B	23.3195	23.3195
1B	24.456	25.6893333333
1B	25.027	25.6893333333
1B	25.595	25.6893333333
1B	26.163	25.6893333333
1B	26.1635	25.6893333333
1B	26.7315	25.6893333333
1B	27.3	28.437
1B	27.8685	28.437
1B	28.437	28.437
1B	29.0055	28.437
1B	29.574	28.437
1B	30.1425	31.18425
1B	30.7105	31.18425
1B	30.711	31.18425
1B	31.279	31.18425
1B	31.847	31.18425
1B	32.4155	31.18425
1B	32.984	32.984
1B	34.691	34.691
1B	36.398	37.5428
1B	36.9665	37.5428
1B	37.535	37.5428
1B	38.123	37.5428
1B	38.6915	37.5428
1B	39.848	39.848
1B	41.5745	41.85875
1B	42.143	41.85875
1B	43.301	44.6000714286
1B	43.8695	44.6000714286
1B	44.4375	44.6000714286
1B	44.438	44.6000714286
1B	45.006	44.6000714286
1B	45.574	44.6000714286
1B	45.5745	44.6000714286
1B	46.1425	47.1844166667
1B	46.7105	47.1844166667
1B	46.711	47.1844166667
1B	47.279	47.1844166667
1B	47.847	47.1844166667
1B	48.4165	47.1844166667
1B	48.9845	50.1214
1B	49.5525	50.1214
1B	50.122	50.1214
1B	50.69	50.1214
1B	51.258	50.1214
1B	52.395	52.395
1B	53.532	54.669
1B	54.1005	54.669
1B	54.669	54.669
1B	55.2375	54.669
1B	55.806	54.669
1B	56.3745	56.65875
1B	56.943	56.65875
1B	58.08	58.08
1B	59.787	59.787
1B	61.494	62.6306666667
1B	62.0625	62.6306666667
1B	62.6305	62.6306666667
1B	62.631	62.6306666667
1B	63.199	62.6306666667
1B	63.767	62.6306666667
1B	64.3365	64.6205
1B	64.9045	64.6205
1B	66.042	66.042
1B	68.321	68.321
1B	70.6	70.6
1B	71.737	71.737
1B	72.874	72.874
1B	74.011	75.148
1B	74.5795	75.148
1B	75.148	75.148
1B	75.7165	75.148
1B	76.285	75.148
1B	76.853	77.705375
1B	77.421	77.705375
1B	77.9895	77.705375
1B	78.558	77.705375
1B	79.695	79.695
1B	80.832	80.832
1B	81.9695	81.9695
1B	83.107	83.107
1B	84.814	84.814
1B	86.521	87.0895
1B	87.0895	87.0895
1B	87.658	87.0895
1B	88.795	89.9316
1B	89.363	89.9316
1B	89.932	89.9316
1B	90.5	89.9316
1B	91.068	89.9316
1B	91.6365	91.92075
1B	92.205	91.92075
1B	93.912	93.912
1B	95.619	95.619
1B	97.3265	97.3265
1B	99.034	99.602
1B	99.602	99.602
1B	100.17	99.602
1B	101.308	101.308
1B	102.445	102.445
1B	103.582	103.582
1B	104.719	105.8554
1B	105.287	105.8554
1B	105.855	105.8554
1B	106.424	105.8554
1B	106.992	105.8554
1B	107.561	107.845
1B	108.129	107.845
1B	109.266	109.266
1B	110.403	111.5396
1B	110.971	111.5396
1B	111.539	111.5396
1B	112.108	111.5396
1B	112.677	111.5396
1B	113.814	113.814
1D	0.0	1.1363
1D	0.568	1.1363
1D	1.136	1.1363
1D	1.7045	1.1363
1D	2.273	1.1363
1D	2.8415	3.12575
1D	3.41	3.12575
1D	5.684	6.5225
1D	6.5225	6.5225
1D	7.361	6.5225
1D	8.2275	8.66075
1D	9.094	8.66075
1D	10.2315	10.2315
1D	11.369	11.937
1D	11.937	11.937
1D	12.505	11.937
1D	13.642	13.642
1D	14.779	14.779
1D	16.4865	16.4865
1D	18.194	18.762
1D	18.762	18.762
1D	19.33	18.762
1D	20.4675	20.4675
1D	21.605	21.605
1D	22.742	22.742
1D	23.879	25.2051666667
1D	24.4475	25.2051666667
1D	25.016	25.2051666667
1D	25.584	25.2051666667
1D	26.152	25.2051666667
1D	26.1525	25.2051666667
1D	26.7205	27.00475
1D	27.289	27.00475
1D	28.4275	28.71175
1D	28.996	28.71175
1D	30.703	30.703
1D	32.982	32.982
1D	35.261	35.8295
1D	35.8295	35.8295
1D	36.398	35.8295
1D	37.535	37.535
1D	38.672	38.672
1D	39.809	39.809
1D	40.946	41.8315
1D	41.8315	41.8315
1D	42.717	41.8315
1D	43.537	44.6575
1D	44.357	44.6575
1D	45.242	44.6575
1D	45.494	44.6575
1D	46.631	47.7673333333
1D	47.199	47.7673333333
1D	47.767	47.7673333333
1D	47.7675	47.7673333333
1D	48.3355	47.7673333333
1D	48.904	47.7673333333
1D	49.472	50.466875
1D	49.4725	50.466875
1D	50.0405	50.466875
1D	50.041	50.466875
1D	50.609	50.466875
1D	51.177	50.466875
1D	51.1775	50.466875
1D	51.7455	50.466875
1D	52.314	52.314
1D	53.451	53.451
1D	54.588	55.7247
1D	55.1565	55.7247
1D	55.725	55.7247
1D	56.293	55.7247
1D	56.861	55.7247
1D	57.998	57.998
1D	59.135	59.135
1D	60.2725	61.4094
1D	60.8405	61.4094
1D	61.41	61.4094
1D	61.978	61.4094
1D	62.546	61.4094
1D	63.6835	63.6835
1D	64.821	65.9573
1D	65.389	65.9573
1D	65.957	65.9573
1D	66.5255	65.9573
1D	67.094	65.9573
1D	67.662	68.7985
1D	68.23	68.7985
1D	68.7985	68.7985
1D	69.367	68.7985
1D	69.935	68.7985
1D	70.503	71.6397
1D	71.0715	71.6397
1D	71.64	71.6397
1D	72.208	71.6397
1D	72.776	71.6397
1D	73.9135	75.0504
1D	74.4815	75.0504
1D	75.051	75.0504
1D	75.619	75.0504
1D	76.187	75.0504
1D	76.7555	77.7785
1D	77.324	77.7785
1D	77.892	77.7785
1D	78.46	77.7785
1D	78.461	77.7785
1D	79.5975	79.5975
1D	80.735	80.735
1D	81.872	81.872
1D	83.009	84.1457
1D	83.5775	84.1457
1D	84.146	84.1457
1D	84.714	84.1457
1D	85.282	84.1457
1D	85.8505	86.13475
1D	86.419	86.13475
1D	87.556	87.556
1D	88.693	89.2615
1D	89.2615	89.2615
1D	89.83	89.2615
1D	90.9685	91.25275
1D	91.537	91.25275
1D	93.244	93.8125
1D	93.8125	93.8125
1D	94.381	93.8125
1D	95.518	95.518
1D	96.655	97.223
1D	97.223	97.223
1D	97.791	97.223
1D	98.9285	98.9285
1D	100.066	100.066
1D	101.203	101.203
1D	102.34	103.4768
1D	102.909	103.4768
1D	103.477	103.4768
1D	104.045	103.4768
1D	104.613	103.4768
1D	106.899	106.899
1D	109.185	109.760666667
1D	109.761	109.760666667
1D	110.336	109.760666667
1D	111.473	111.473
1D	112.61	112.61
1D	113.747	113.747
1D	114.884	114.884
1D	116.021	117.1582
1D	116.59	117.1582
1D	117.158	117.1582
1D	117.727	117.1582
1D	118.295	117.1582
1D	118.864	120.0
1D	119.432	120.0
1D	120.0	120.0
1D	120.568	120.0
1D	121.136	120.0
1D	121.705	122.8412
1D	122.273	122.8412
1D	122.841	122.8412
1D	123.409	122.8412
1D	123.978	122.8412
1D	124.546	125.6826
1D	125.114	125.6826
1D	125.683	125.6826
1D	126.251	125.6826
1D	126.819	125.6826
1D	127.387	127.387
1D	128.524	128.524
1D	129.662	129.662
1D	130.799	130.799
1D	131.936	131.936
1D	133.643	133.643
1D	135.35	135.918333333
1D	135.918	135.918333333
1D	136.487	135.918333333
2A	0.0	0.5685
2A	0.5685	0.5685
2A	1.137	0.5685
2A	2.274	2.274
2A	3.411	3.979
2A	3.979	3.979
2A	4.547	3.979
2A	10.254	10.822
2A	10.822	10.822
2A	11.39	10.822
2A	13.0975	13.0975
2A	14.805	14.805
2A	16.512	16.512
2A	18.219	18.219
2A	19.3565	19.3565
2A	20.494	21.40225
2A	21.062	21.40225
2A	21.63	21.40225
2A	22.423	21.40225
2A	23.216	24.1285
2A	24.1285	24.1285
2A	25.041	24.1285
2A	29.599	29.599
2A	30.736	30.736
2A	31.873	33.0093
2A	32.441	33.0093
2A	33.009	33.0093
2A	33.5775	33.0093
2A	34.146	33.0093
2A	36.425	36.425
2A	38.704	39.8407
2A	39.2725	39.8407
2A	39.841	39.8407
2A	40.409	39.8407
2A	40.977	39.8407
2A	41.5455	41.82975
2A	42.114	41.82975
2A	48.975	48.975
2A	50.112	51.2486
2A	50.68	51.2486
2A	51.249	51.2486
2A	51.817	51.2486
2A	52.385	51.2486
2A	58.092	59.234
2A	58.66	59.234
2A	59.228	59.234
2A	59.811	59.234
2A	60.379	59.234
2A	60.97	61.83325
2A	61.53	61.83325
2A	62.121	61.83325
2A	62.712	61.83325
2A	64.428	64.428
2A	66.144	66.144
2A	68.4745	68.4745
2A	70.805	70.805
2A	71.9935	71.9935
2A	73.13	74.2346875
2A	73.182	74.2346875
2A	73.6985	74.2346875
2A	73.7505	74.2346875
2A	74.319	74.2346875
2A	74.887	74.2346875
2A	75.455	74.2346875
2A	75.4555	74.2346875
2A	76.0235	76.30775
2A	76.592	76.30775
2A	78.871	78.871
2A	81.15	82.2866666667
2A	81.7185	82.2866666667
2A	82.2865	82.2866666667
2A	82.287	82.2866666667
2A	82.855	82.2866666667
2A	83.423	82.2866666667
2A	83.9915	85.1282
2A	84.56	85.1282
2A	85.128	85.1282
2A	85.696	85.1282
2A	86.2655	85.1282
2A	86.8335	86.8335
2A	87.971	89.2966666667
2A	88.539	89.2966666667
2A	89.107	89.2966666667
2A	89.6755	89.2966666667
2A	90.2435	89.2966666667
2A	90.244	89.2966666667
2A	90.812	91.6076
2A	91.38	91.6076
2A	91.3805	91.6076
2A	91.9485	91.6076
2A	92.517	91.6076
2B	0.0	0.0
2B	2.279	2.279
2B	4.558	4.558
2B	5.695	5.695
2B	6.832	7.4005
2B	7.4005	7.4005
2B	7.969	7.4005
2B	9.106	9.106
2B	10.243	10.243
2B	11.9505	11.9505
2B	13.658	14.7943333333
2B	14.226	14.7943333333
2B	14.794	14.7943333333
2B	14.7945	14.7943333333
2B	15.3625	14.7943333333
2B	15.931	14.7943333333
2B	16.499	17.6355
2B	17.067	17.6355
2B	17.6355	17.6355
2B	18.204	17.6355
2B	18.772	17.6355
2B	19.34	19.34
2B	20.4775	20.4775
2B	21.615	22.183
2B	22.183	22.183
2B	22.751	22.183
2B	23.8885	23.8885
2B	25.026	25.594
2B	25.594	25.594
2B	26.162	25.594
2B	33.023	34.1596666667
2B	33.5915	34.1596666667
2B	34.1595	34.1596666667
2B	34.16	34.1596666667
2B	34.728	34.1596666667
2B	35.296	34.1596666667
2B	35.8645	37.001
2B	36.433	37.001
2B	37.001	37.001
2B	37.569	37.001
2B	38.1375	37.001
2B	38.706	39.274
2B	39.274	39.274
2B	39.842	39.274
2B	40.9795	40.9795
2B	42.117	42.117
2B	44.396	44.396
2B	46.675	46.675
2B	48.382	48.382
2B	50.089	51.3880714286
2B	50.6575	51.3880714286
2B	51.2255	51.3880714286
2B	51.226	51.3880714286
2B	51.794	51.3880714286
2B	52.362	51.3880714286
2B	52.3625	51.3880714286
2B	53.499	54.636
2B	54.0675	54.636
2B	54.636	54.636
2B	55.2045	54.636
2B	55.773	54.636
2B	56.3415	57.4784
2B	56.91	57.4784
2B	57.4785	57.4784
2B	58.047	57.4784
2B	58.615	57.4784
2B	59.184	60.4015714286
2B	59.752	60.4015714286
2B	60.32	60.4015714286
2B	60.3205	60.4015714286
2B	60.8885	60.4015714286
2B	60.889	60.4015714286
2B	61.457	60.4015714286
2B	62.0255	62.9725833333
2B	62.5935	62.9725833333
2B	62.594	62.9725833333
2B	63.162	62.9725833333
2B	63.73	62.9725833333
2B	63.7305	62.9725833333
2B	64.867	65.8145833333
2B	64.8675	65.8145833333
2B	65.4355	65.8145833333
2B	66.004	65.8145833333
2B	66.5725	65.8145833333
2B	67.141	65.8145833333
2B	67.709	68.6024285714
2B	67.7095	68.6024285714
2B	68.2775	68.6024285714
2B	68.278	68.6024285714
2B	68.846	68.6024285714
2B	69.414	68.6024285714
2B	69.983	68.6024285714
2B	70.551	71.4985833333
2B	70.5515	71.4985833333
2B	71.1195	71.4985833333
2B	71.688	71.4985833333
2B	72.2565	71.4985833333
2B	72.825	71.4985833333
2B	75.104	75.38825
2B	75.6725	75.38825
2B	77.383	77.9515
2B	77.9515	77.9515
2B	78.52	77.9515
2B	79.657	79.657
2B	80.794	80.794
2B	81.931	81.931
2B	83.068	83.6365
2B	83.6365	83.6365
2B	84.205	83.6365
2B	85.342	85.342
2B	86.479	86.479
2B	88.186	88.186
2B	89.893	90.4615
2B	90.4615	90.4615
2B	91.03	90.4615
2B	92.479	92.479
2B	93.928	93.928
2B	95.323	95.323
2B	96.718	97.8543
2B	97.286	97.8543
2B	97.854	97.8543
2B	98.4225	97.8543
2B	98.991	97.8543
2B	99.5595	100.6961
2B	100.128	100.6961
2B	100.696	100.6961
2B	101.264	100.6961
2B	101.833	100.6961
2B	102.401	102.401
2B	103.538	104.6748
2B	104.106	104.6748
2B	104.675	104.6748
2B	105.243	104.6748
2B	105.812	104.6748
2B	106.38	106.664
2B	106.948	106.664
2B	108.659	108.943
2B	109.227	108.943
2B	111.506	111.506
2D	0.0	1.1367
2D	0.5685	1.1367
2D	1.137	1.1367
2D	1.705	1.1367
2D	2.273	1.1367
2D	2.8415	3.693875
2D	3.41	3.693875
2D	3.978	3.693875
2D	4.546	3.693875
2D	5.6835	5.6835
2D	6.821	7.389
2D	7.389	7.389
2D	7.957	7.389
2D	9.094	10.231
2D	9.6625	10.231
2D	10.231	10.231
2D	10.7995	10.231
2D	11.368	10.231
2D	11.9365	12.22075
2D	12.505	12.22075
2D	13.642	13.642
2D	14.7795	14.7795
2D	15.917	15.917
2D	17.624	17.624
2D	19.331	20.3292
2D	19.899	20.3292
2D	20.467	20.3292
2D	20.6905	20.3292
2D	21.2585	20.3292
2D	22.05	22.05
2D	23.411	23.411
2D	24.772	24.772
2D	25.909	25.909
2D	27.046	27.6145
2D	27.6145	27.6145
2D	28.183	27.6145
2D	29.32	30.261
2D	30.065	30.261
2D	30.457	30.261
2D	31.202	30.261
2D	31.947	31.947
2D	32.907	32.907
2D	33.867	34.4355
2D	34.4355	34.4355
2D	35.004	34.4355
2D	36.141	36.141
2D	37.278	37.278
2D	38.415	38.415
2D	39.552	40.1205
2D	40.1205	40.1205
2D	40.689	40.1205
2D	42.396	42.68025
2D	42.9645	42.68025
2D	44.103	44.6715
2D	44.6715	44.6715
2D	45.24	44.6715
2D	46.377	46.377
2D	47.514	48.6507
2D	48.0825	48.6507
2D	48.651	48.6507
2D	49.219	48.6507
2D	49.787	48.6507
2D	50.9245	50.9245
2D	52.062	53.1983
2D	52.63	53.1983
2D	53.198	53.1983
2D	53.7665	53.1983
2D	54.335	53.1983
2D	55.472	55.472
2D	56.609	56.609
2D	57.746	57.746
2D	58.883	60.0197
2D	59.4515	60.0197
2D	60.02	60.0197
2D	60.588	60.0197
2D	61.156	60.0197
2D	61.7245	62.9425
2D	62.293	62.9425
2D	62.861	62.9425
2D	62.8615	62.9425
2D	63.4295	62.9425
2D	63.43	62.9425
2D	63.998	62.9425
2D	64.566	65.70275
2D	64.5665	65.70275
2D	65.1345	65.70275
2D	65.7025	65.70275
2D	65.703	65.70275
2D	66.271	65.70275
2D	66.839	65.70275
2D	66.8395	65.70275
2D	67.4075	67.692
2D	67.408	67.692
2D	67.976	67.692
2D	67.9765	67.692
2D	69.113	69.113
2D	70.25	71.5761666667
2D	70.8185	71.5761666667
2D	71.387	71.5761666667
2D	71.955	71.5761666667
2D	72.523	71.5761666667
2D	72.5235	71.5761666667
2D	73.0915	74.32275
2D	73.66	74.32275
2D	74.228	74.32275
2D	74.796	74.32275
2D	74.7965	74.32275
2D	75.3645	74.32275
2D	75.933	77.0693
2D	76.501	77.0693
2D	77.069	77.0693
2D	77.6375	77.0693
2D	78.206	77.0693
2D	78.7745	80.00575
2D	79.343	80.00575
2D	79.911	80.00575
2D	80.479	80.00575
2D	80.4795	80.00575
2D	81.0475	80.00575
2D	81.616	81.616
2D	82.753	83.89
2D	83.3215	83.89
2D	83.89	83.89
2D	84.4585	83.89
2D	85.027	83.89
3A	0.0	0.0
3A	2.279	2.279
3A	4.558	4.558
3A	6.837	6.837
3A	9.116	9.116
3A	10.2535	10.2535
3A	11.391	11.391
3A	12.528	12.528
3A	13.665	13.665
3A	15.372	15.372
3A	17.079	18.216
3A	17.6475	18.216
3A	18.216	18.216
3A	18.7845	18.216
3A	19.353	18.216
3A	20.49	20.49
3A	22.1975	22.1975
3A	23.905	23.905
3A	26.19	26.19
3A	28.475	29.0675
3A	29.0675	29.0675
3A	29.66	29.0675
3A	31.385	31.385
3A	32.848	33.8046
3A	33.11	33.8046
3A	33.678	33.8046
3A	34.246	33.8046
3A	35.141	33.8046
3A	36.036	37.251125
3A	36.8945	37.251125
3A	37.753	37.251125
3A	38.321	37.251125
3A	38.889	40.026
3A	39.4575	40.026
3A	40.026	40.026
3A	40.5945	40.026
3A	41.163	40.026
3A	42.3	42.3
3A	43.437	43.437
3A	44.574	44.574
3A	45.711	46.8477
3A	46.2795	46.8477
3A	46.848	46.8477
3A	47.416	46.8477
3A	47.984	46.8477
3A	49.1215	49.6903333333
3A	49.6905	49.6903333333
3A	50.259	49.6903333333
3A	51.396	52.695
3A	51.964	52.695
3A	52.5325	52.695
3A	52.533	52.695
3A	53.101	52.695
3A	53.669	52.695
3A	53.6695	52.695
3A	54.2375	55.2798333333
3A	54.806	55.2798333333
3A	54.8065	55.2798333333
3A	55.3745	55.2798333333
3A	55.943	55.2798333333
3A	56.5115	55.2798333333
3A	57.08	57.6485
3A	57.6485	57.6485
3A	58.217	57.6485
3A	59.3555	59.63975
3A	59.924	59.63975
3A	61.631	61.631
3A	62.7685	62.7685
3A	63.906	65.0423
3A	64.474	65.0423
3A	65.042	65.0423
3A	65.6105	65.0423
3A	66.179	65.0423
3A	66.747	67.8835
3A	67.315	67.8835
3A	67.8835	67.8835
3A	68.452	67.8835
3A	69.02	67.8835
3A	69.588	70.7247
3A	70.1565	70.7247
3A	70.725	70.7247
3A	71.293	70.7247
3A	71.861	70.7247
3A	73.5685	73.5685
3A	74.705	75.8435
3A	75.276	75.8435
3A	75.844	75.8435
3A	76.412	75.8435
3A	76.9805	75.8435
3A	77.549	77.549
3A	78.686	78.686
3A	79.823	79.823
3A	80.9605	82.0974
3A	81.5285	82.0974
3A	82.098	82.0974
3A	82.666	82.0974
3A	83.234	82.0974
3A	88.941	89.509
3A	89.509	89.509
3A	90.077	89.509
3A	91.214	91.214
3A	92.351	92.9195
3A	92.9195	92.9195
3A	93.488	92.9195
3A	95.195	95.195
3A	96.902	97.4705
3A	97.4705	97.4705
3A	98.039	97.4705
3A	106.062	106.63
3A	106.63	106.63
3A	107.198	106.63
3A	108.905	108.905
3A	110.613	111.7492
3A	111.181	111.7492
3A	111.749	111.7492
3A	112.317	111.7492
3A	112.886	111.7492
3A	113.454	114.5906
3A	114.022	114.5906
3A	114.591	114.5906
3A	115.159	114.5906
3A	115.727	114.5906
3A	116.295	116.295
3A	117.433	117.433
3A	118.57	119.7065
3A	119.138	119.7065
3A	119.706	119.7065
3A	119.707	119.7065
3A	120.275	119.7065
3A	120.843	119.7065
3A	121.411	121.695
3A	121.979	121.695
3A	123.117	123.117
3A	124.254	124.254
3A	128.812	129.9484
3A	129.38	129.9484
3A	129.948	129.9484
3A	130.517	129.9484
3A	131.085	129.9484
3A	131.653	131.937
3A	132.221	131.937
3A	133.928	133.928
3A	135.636	135.636
3A	137.343	137.343
3A	139.05	139.05
3A	142.465	143.033
3A	143.033	143.033
3A	143.601	143.033
3A	152.794	152.794
3A	153.931	153.931
3A	155.068	155.636666667
3A	155.637	155.636666667
3A	156.205	155.636666667
3A	163.066	163.634666667
3A	163.635	163.634666667
3A	164.203	163.634666667
3A	171.063	171.631333333
3A	171.631	171.631333333
3A	172.2	171.631333333
3B	0.0	0.5685
3B	0.5685	0.5685
3B	1.137	0.5685
3B	6.843	7.4115
3B	7.4115	7.4115
3B	7.98	7.4115
3B	9.687	9.687
3B	11.394	11.394
3B	12.531	12.531
3B	13.668	13.668
3B	14.8055	14.8055
3B	15.943	15.943
3B	17.08	17.08
3B	18.217	18.785
3B	18.785	18.785
3B	19.353	18.785
3B	20.4905	20.4905
3B	21.628	22.7643
3B	22.196	22.7643
3B	22.764	22.7643
3B	23.3325	22.7643
3B	23.901	22.7643
3B	25.038	25.038
3B	26.175	26.175
3B	29.0285	29.0285
3B	31.882	31.882
3B	33.019	33.019
3B	34.156	34.156
3B	35.293	35.293
3B	36.43	36.9985
3B	36.9985	36.9985
3B	37.567	36.9985
3B	38.704	39.841
3B	39.2725	39.841
3B	39.841	39.841
3B	40.4095	39.841
3B	40.978	39.841
3B	41.546	42.588
3B	42.114	42.588
3B	42.1145	42.588
3B	42.6825	42.588
3B	43.251	42.588
3B	43.82	42.588
3B	44.388	45.7144166667
3B	44.9565	45.7144166667
3B	45.525	45.7144166667
3B	46.0935	45.7144166667
3B	46.6615	45.7144166667
3B	46.662	45.7144166667
3B	47.23	48.2719166667
3B	47.798	48.2719166667
3B	47.7985	48.2719166667
3B	48.3665	48.2719166667
3B	48.935	48.2719166667
3B	49.5035	48.2719166667
3B	50.072	51.3984166667
3B	50.6405	51.3984166667
3B	51.209	51.3984166667
3B	51.7775	51.3984166667
3B	52.3455	51.3984166667
3B	52.346	51.3984166667
3B	52.914	54.0505
3B	53.482	54.0505
3B	53.4825	54.0505
3B	54.0505	54.0505
3B	54.6185	54.0505
3B	54.619	54.0505
3B	55.187	54.0505
3B	55.755	56.8916666667
3B	56.3235	56.8916666667
3B	56.8915	56.8916666667
3B	56.892	56.8916666667
3B	57.46	56.8916666667
3B	58.028	56.8916666667
3B	58.5975	58.8815
3B	59.1655	58.8815
3B	60.303	61.4393333333
3B	60.871	61.4393333333
3B	61.439	61.4393333333
3B	61.4395	61.4393333333
3B	62.0075	61.4393333333
3B	62.576	61.4393333333
3B	63.1465	63.1465
3B	64.283	64.283
3B	65.4195	66.65275
3B	65.99	66.65275
3B	66.5585	66.65275
3B	67.1265	66.65275
3B	67.127	66.65275
3B	67.695	66.65275
3B	68.263	69.3997
3B	68.8315	69.3997
3B	69.4	69.3997
3B	69.968	69.3997
3B	70.536	69.3997
3B	72.2435	72.2435
3B	73.951	75.0873333333
3B	74.519	75.0873333333
3B	75.087	75.0873333333
3B	75.0875	75.0873333333
3B	75.6555	75.0873333333
3B	76.224	75.0873333333
3B	76.7925	77.07675
3B	77.361	77.07675
3B	78.498	78.498
3B	79.635	79.635
3B	80.772	81.4865
3B	81.4865	81.4865
3B	82.201	81.4865
3B	85.908	85.908
3B	88.187	88.187
3B	90.466	91.6027
3B	91.0345	91.6027
3B	91.603	91.6027
3B	92.171	91.6027
3B	92.739	91.6027
3B	93.3075	93.59175
3B	93.876	93.59175
3B	104.238	104.825
3B	104.825	104.825
3B	105.412	104.825
3B	107.104	107.3975
3B	107.691	107.3975
3B	109.97	111.1062
3B	110.538	111.1062
3B	111.106	111.1062
3B	111.674	111.1062
3B	112.243	111.1062
3B	112.811	113.9478
3B	113.379	113.9478
3B	113.948	113.9478
3B	114.516	113.9478
3B	115.085	113.9478
3B	115.653	115.653
3B	117.36	117.36
3B	119.067	119.067
3B	120.204	120.204
3B	121.341	121.909333333
3B	121.909	121.909333333
3B	122.478	121.909333333
3D	0.0	0.5685
3D	0.5685	0.5685
3D	1.137	0.5685
3D	2.274	2.274
3D	3.411	4.54766666667
3D	3.9795	4.54766666667
3D	4.5475	4.54766666667
3D	4.548	4.54766666667
3D	5.116	4.54766666667
3D	5.684	4.54766666667
3D	6.2525	7.13225
3D	6.821	7.13225
3D	7.4255	7.13225
3D	8.03	7.13225
3D	9.2035	9.2035
3D	10.377	11.5133
3D	10.945	11.5133
3D	11.513	11.5133
3D	12.0815	11.5133
3D	12.65	11.5133
3D	13.218	14.3545
3D	13.786	14.3545
3D	14.3545	14.3545
3D	14.923	14.3545
3D	15.491	14.3545
3D	16.059	16.059
3D	17.1965	17.1965
3D	18.334	18.334
3D	19.471	19.471
3D	20.608	20.608
3D	21.745	21.745
3D	22.882	22.882
3D	30.905	30.905
3D	33.184	33.184
3D	35.463	36.5996666667
3D	36.0315	36.5996666667
3D	36.5995	36.5996666667
3D	36.6	36.5996666667
3D	37.168	36.5996666667
3D	37.736	36.5996666667
3D	38.3045	39.441
3D	38.873	39.441
3D	39.441	39.441
3D	40.009	39.441
3D	40.5775	39.441
3D	41.146	42.2823
3D	41.714	42.2823
3D	42.282	42.2823
3D	42.8505	42.2823
3D	43.419	42.2823
3D	43.9875	44.84025
3D	44.556	44.84025
3D	45.1245	44.84025
3D	45.693	44.84025
3D	46.83	46.83
3D	49.683	49.683
3D	52.536	53.673
3D	53.1045	53.673
3D	53.673	53.673
3D	54.2415	53.673
3D	54.81	53.673
3D	55.3785	56.5155
3D	55.947	56.5155
3D	56.5155	56.5155
3D	57.084	56.5155
3D	57.6525	56.5155
3D	58.221	58.221
3D	59.358	59.358
3D	60.495	60.495
3D	61.632	62.7686666667
3D	62.2005	62.7686666667
3D	62.7685	62.7686666667
3D	62.769	62.7686666667
3D	63.337	62.7686666667
3D	63.905	62.7686666667
3D	64.4745	64.7585
3D	65.0425	64.7585
3D	66.18	66.748
3D	66.748	66.748
3D	67.316	66.748
3D	68.4535	69.7527857143
3D	69.0215	69.7527857143
3D	69.59	69.7527857143
3D	69.591	69.7527857143
3D	70.159	69.7527857143
3D	70.727	69.7527857143
3D	70.7275	69.7527857143
3D	71.2955	71.57975
3D	71.864	71.57975
3D	73.001	73.001
3D	74.138	74.138
3D	75.275	76.4119166667
3D	75.8435	76.4119166667
3D	76.4115	76.4119166667
3D	76.412	76.4119166667
3D	76.9805	76.4119166667
3D	77.549	76.4119166667
3D	78.117	79.2536
3D	78.685	79.2536
3D	79.2535	79.2536
3D	79.822	79.2536
3D	80.3905	79.2536
3D	80.959	82.0953
3D	81.527	82.0953
3D	82.095	82.0953
3D	82.6635	82.0953
3D	83.232	82.0953
3D	84.369	84.369
3D	85.506	85.791
3D	86.076	85.791
3D	87.213	87.213
3D	88.92	88.92
3D	90.6275	90.6275
3D	92.335	92.903
3D	92.903	92.903
3D	93.471	92.903
3D	95.1785	95.4625
3D	95.7465	95.4625
3D	96.886	98.0223
3D	97.454	98.0223
3D	98.022	98.0223
3D	98.5905	98.0223
3D	99.159	98.0223
3D	100.296	100.296
3D	101.433	101.433
3D	102.57	102.57
3D	103.707	104.8438
3D	104.275	104.8438
3D	104.844	104.8438
3D	105.412	104.8438
3D	105.981	104.8438
3D	106.549	106.833
3D	107.117	106.833
3D	108.254	108.254
3D	109.391	109.391
3D	110.529	110.529
3D	111.666	112.8022
3D	112.234	112.8022
3D	112.802	112.8022
3D	113.37	112.8022
3D	113.939	112.8022
3D	114.507	115.3595
3D	115.075	115.3595
3D	115.644	115.3595
3D	116.212	115.3595
3D	117.349	117.349
3D	118.486	118.771
3D	119.056	118.771
3D	120.194	120.194
3D	121.901	121.901
3D	123.038	123.038
3D	124.175	125.3114
3D	124.743	125.3114
3D	125.311	125.3114
3D	125.88	125.3114
3D	126.448	125.3114
4A	0.0	0.0
4A	1.7075	1.7075
4A	3.415	3.983
4A	3.983	3.983
4A	4.551	3.983
4A	6.83	6.83
4A	9.109	9.109
4A	11.9625	11.9625
4A	14.816	15.384
4A	15.384	15.384
4A	15.952	15.384
4A	17.0895	17.0895
4A	18.227	18.795
4A	18.795	18.795
4A	19.363	18.795
4A	20.5025	20.7865
4A	21.0705	20.7865
4A	22.778	23.346
4A	23.346	23.346
4A	23.914	23.346
4A	25.051	25.051
4A	26.188	26.188
4A	28.064	28.064
4A	29.94	29.94
4A	34.837	35.9733
4A	35.405	35.9733
4A	35.973	35.9733
4A	36.5415	35.9733
4A	37.11	35.9733
4A	37.678	38.530375
4A	38.246	38.530375
4A	38.8145	38.530375
4A	39.383	38.530375
4A	43.941	43.941
4A	45.9315	45.9315
4A	47.922	47.922
4A	49.917	49.917
4A	51.912	51.912
4A	53.0495	53.0495
4A	54.187	54.47175
4A	54.7565	54.47175
4A	55.894	55.894
4A	57.601	57.601
4A	59.308	59.59225
4A	59.8765	59.59225
4A	61.015	62.3140714286
4A	61.5835	62.3140714286
4A	62.1515	62.3140714286
4A	62.152	62.3140714286
4A	62.72	62.3140714286
4A	63.288	62.3140714286
4A	63.2885	62.3140714286
4A	63.8565	64.5388
4A	63.857	64.5388
4A	64.425	64.5388
4A	64.9935	64.5388
4A	65.562	64.5388
4A	72.422	73.559
4A	72.9905	73.559
4A	73.559	73.559
4A	74.1275	73.559
4A	74.696	73.559
4A	75.264	76.4951666667
4A	75.832	76.4951666667
4A	76.4005	76.4951666667
4A	76.9685	76.4951666667
4A	76.969	76.4951666667
4A	77.537	76.4951666667
4A	78.105	78.105
4A	79.2425	79.2425
4A	80.38	81.5163
4A	80.948	81.5163
4A	81.516	81.5163
4A	82.0845	81.5163
4A	82.653	81.5163
4A	83.221	83.505
4A	83.789	83.505
4A	90.65	91.7867
4A	91.2185	91.7867
4A	91.787	91.7867
4A	92.355	91.7867
4A	92.923	91.7867
4A	94.642	94.642
4A	96.361	96.361
4A	98.0795	98.0795
4A	99.798	100.435333333
4A	100.435	100.435333333
4A	101.073	100.435333333
4A	103.282	103.282
4A	105.491	106.059333333
4A	106.059	106.059333333
4A	106.628	106.059333333
4A	108.335	108.335
4A	110.042	111.1788
4A	110.611	111.1788
4A	111.179	111.1788
4A	111.747	111.1788
4A	112.315	111.1788
4A	112.883	113.262666667
4A	113.452	113.262666667
4A	113.453	113.262666667
4A	114.589	114.589
4A	115.726	116.294333333
4A	116.294	116.294333333
4A	116.863	116.294333333
4A	118.0	118.0
4A	119.137	120.2738
4A	119.706	120.2738
4A	120.274	120.2738
4A	120.842	120.2738
4A	121.41	120.2738
4A	121.978	122.2625
4A	122.547	122.2625
4A	123.684	123.684
4A	124.821	125.9575
4A	125.389	125.9575
4A	125.957	125.9575
4A	125.958	125.9575
4A	126.526	125.9575
4A	127.094	125.9575
4A	128.231	128.231
4A	129.369	130.5052
4A	129.937	130.5052
4A	130.505	130.5052
4A	131.073	130.5052
4A	131.642	130.5052
4A	132.779	132.779
4A	133.916	133.916
4A	135.053	135.053
4A	136.19	136.758333333
4A	136.758	136.758333333
4A	137.327	136.758333333
4A	138.464	138.464
4A	139.601	140.169333333
4A	140.169	140.169333333
4A	140.738	140.169333333
4A	141.875	141.875
4A	143.012	143.012
4A	144.719	144.719
4A	146.426	146.994333333
4A	146.994	146.994333333
4A	147.563	146.994333333
4A	149.842	149.842
4A	152.121	152.121
4A	154.4	154.4
4A	156.679	156.679
4B	0.0	0.5685
4B	0.5685	0.5685
4B	1.137	0.5685
4B	3.99	3.99
4B	6.843	6.843
4B	8.6265	8.6265
4B	10.41	10.41
4B	11.6235	11.6235
4B	12.837	12.837
4B	13.974	13.974
4B	15.111	15.111
4B	18.525	19.0935
4B	19.0935	19.0935
4B	19.662	19.0935
4B	21.936	21.936
4B	23.6435	23.6435
4B	25.351	25.351
4B	27.058	27.058
4B	28.765	28.765
4B	31.039	32.1757
4B	31.6075	32.1757
4B	32.176	32.1757
4B	32.744	32.1757
4B	33.312	32.1757
4B	33.8805	34.73325
4B	34.449	34.73325
4B	35.0175	34.73325
4B	35.586	34.73325
4B	37.293	37.293
4B	39.0	39.0
4B	40.707	40.707
4B	42.414	42.414
4B	43.5515	43.5515
4B	44.689	45.8253333333
4B	45.257	45.8253333333
4B	45.825	45.8253333333
4B	45.8255	45.8253333333
4B	46.3935	45.8253333333
4B	46.962	45.8253333333
4B	47.5325	48.1006666667
4B	48.1005	48.1006666667
4B	48.669	48.1006666667
4B	50.376	50.376
4B	51.513	51.513
4B	52.65	52.93525
4B	53.2205	52.93525
4B	54.3575	55.495
4B	54.9255	55.495
4B	55.494	55.495
4B	56.065	55.495
4B	56.633	55.495
4B	57.201	58.2569285714
4B	57.2015	58.2569285714
4B	57.7695	58.2569285714
4B	58.338	58.2569285714
4B	58.9065	58.2569285714
4B	58.907	58.2569285714
4B	59.475	58.2569285714
4B	60.0435	60.89625
4B	60.612	60.89625
4B	61.1805	60.89625
4B	61.749	60.89625
4B	63.456	63.456
4B	65.163	66.4891666667
4B	65.7315	66.4891666667
4B	66.3	66.4891666667
4B	66.868	66.4891666667
4B	67.436	66.4891666667
4B	67.4365	66.4891666667
4B	68.0045	68.28875
4B	68.573	68.28875
4B	69.71	69.71
4B	70.847	71.4155
4B	71.4155	71.4155
4B	71.984	71.4155
4B	73.121	73.121
4B	74.258	75.5841666667
4B	74.8265	75.5841666667
4B	75.395	75.5841666667
4B	75.963	75.5841666667
4B	76.531	75.5841666667
4B	76.5315	75.5841666667
4B	77.0995	77.38375
4B	77.668	77.38375
4B	79.947	79.947
4B	82.226	82.226
4B	83.363	83.363
4B	84.5	85.0685
4B	85.0685	85.0685
4B	85.637	85.0685
4B	87.344	87.344
4B	89.051	89.6195
4B	89.6195	89.6195
4B	90.188	89.6195
4B	92.462	93.03
4B	93.03	93.03
4B	93.598	93.03
4B	95.0355	95.0355
4B	96.473	96.473
4B	97.8795	97.8795
4B	99.286	100.4227
4B	99.8545	100.4227
4B	100.423	100.4227
4B	100.991	100.4227
4B	101.559	100.4227
4B	102.127	102.4115
4B	102.696	102.4115
4D	0.0	0.5685
4D	0.5685	0.5685
4D	1.137	0.5685
4D	2.844	2.844
4D	4.551	5.1195
4D	5.1195	5.1195
4D	5.688	5.1195
4D	7.395	7.395
4D	9.102	9.102
4D	10.809	10.809
4D	12.516	12.516
4D	17.074	17.074
4D	22.781	22.781
4D	30.803	30.803
4D	33.0825	33.0825
4D	35.362	35.362
4D	37.081	37.081
4D	38.8	38.8
4D	41.0915	41.0915
4D	43.383	43.9515
4D	43.9515	43.9515
4D	44.52	43.9515
4D	45.657	45.657
4D	46.794	46.794
4D	47.931	47.931
4D	49.068	49.068
4D	50.7755	50.7755
4D	52.483	53.6193333333
4D	53.051	53.6193333333
4D	53.619	53.6193333333
4D	53.6195	53.6193333333
4D	54.1875	53.6193333333
4D	54.756	53.6193333333
4D	55.8945	56.463
4D	56.463	56.463
4D	57.0315	56.463
4D	58.17	59.4961666667
4D	58.7385	59.4961666667
4D	59.307	59.4961666667
4D	59.875	59.4961666667
4D	60.443	59.4961666667
4D	60.4435	59.4961666667
4D	61.0115	61.29575
4D	61.58	61.29575
4D	63.859	63.859
4D	66.138	67.2746
4D	66.706	67.2746
4D	67.274	67.2746
4D	67.8435	67.2746
4D	68.4115	67.2746
4D	69.549	69.549
4D	78.742	78.742
4D	80.449	80.449
4D	82.156	82.156
4D	83.2935	83.2935
4D	84.431	84.431
4D	86.138	86.138
4D	87.845	87.845
4D	88.982	88.982
4D	90.119	90.119
5A	0.0	0.0
5A	1.137	2.487
5A	1.7055	2.487
5A	2.2735	2.487
5A	2.274	2.487
5A	2.842	2.487
5A	2.8425	2.487
5A	3.4105	2.487
5A	3.411	2.487
5A	3.979	5.02083333333
5A	4.547	5.02083333333
5A	4.5475	5.02083333333
5A	5.1155	5.02083333333
5A	5.684	5.02083333333
5A	6.252	5.02083333333
5A	6.82	7.79435714286
5A	6.8205	7.79435714286
5A	7.3885	7.79435714286
5A	7.9565	7.79435714286
5A	7.957	7.79435714286
5A	8.525	7.79435714286
5A	9.093	7.79435714286
5A	9.6615	9.94575
5A	10.23	9.94575
5A	11.367	12.5039
5A	11.935	12.5039
5A	12.504	12.5039
5A	13.0725	12.5039
5A	13.641	12.5039
5A	14.209	15.3531
5A	14.777	15.3531
5A	15.3455	15.3531
5A	15.914	15.3531
5A	16.52	15.3531
5A	17.126	17.126
5A	19.941	19.941
5A	22.756	24.08225
5A	23.3245	24.08225
5A	23.893	24.08225
5A	24.461	24.08225
5A	25.029	24.08225
5A	25.03	24.08225
5A	26.1665	26.1665
5A	27.304	27.304
5A	28.441	28.441
5A	29.578	30.7143333333
5A	30.146	30.7143333333
5A	30.714	30.7143333333
5A	30.7145	30.7143333333
5A	31.2825	30.7143333333
5A	31.851	30.7143333333
5A	32.988	32.988
5A	34.125	34.125
5A	35.3165	35.3165
5A	36.508	36.508
5A	37.7	37.7
5A	38.892	39.46
5A	39.46	39.46
5A	40.028	39.46
5A	41.1655	41.1655
5A	42.303	43.4393
5A	42.871	43.4393
5A	43.439	43.4393
5A	44.0075	43.4393
5A	44.576	43.4393
5A	46.283	46.283
5A	47.99	48.5585
5A	48.5585	48.5585
5A	49.127	48.5585
5A	50.264	50.264
5A	51.401	51.969
5A	51.969	51.969
5A	52.537	51.969
5A	54.2445	54.2445
5A	55.952	57.0883
5A	56.52	57.0883
5A	57.088	57.0883
5A	57.6565	57.0883
5A	58.225	57.0883
5A	59.362	59.362
5A	60.499	60.499
5A	63.3525	63.3525
5A	66.206	67.3423
5A	66.774	67.3423
5A	67.342	67.3423
5A	67.9105	67.3423
5A	68.479	67.3423
5A	71.367	71.367
5A	74.255	74.255
5A	75.9965	75.9965
5A	77.738	78.3065
5A	78.3065	78.3065
5A	78.875	78.3065
5A	80.012	80.012
5A	81.149	82.2857
5A	81.7175	82.2857
5A	82.286	82.2857
5A	82.854	82.2857
5A	83.422	82.2857
5A	85.701	85.701
5A	87.98	89.1167
5A	88.5485	89.1167
5A	89.117	89.1167
5A	89.685	89.1167
5A	90.253	89.1167
5A	90.8215	91.2006666667
5A	91.39	91.2006666667
5A	91.3905	91.2006666667
5A	92.527	92.527
5A	93.664	94.846
5A	94.255	94.846
5A	94.846	94.846
5A	95.437	94.846
5A	96.028	94.846
5A	96.5965	96.968
5A	97.1425	96.968
5A	97.165	96.968
5A	98.302	98.302
5A	99.439	99.439
5A	100.576	100.576
5A	101.713	101.713
5A	102.85	102.85
5A	103.987	103.987
5A	106.84	106.84
5A	109.694	110.8302
5A	110.262	110.8302
5A	110.83	110.8302
5A	111.398	110.8302
5A	111.967	110.8302
5B	0.0	0.0
5B	1.707	1.707
5B	3.414	3.9825
5B	3.9825	3.9825
5B	4.551	3.9825
5B	10.257	10.8255
5B	10.8255	10.8255
5B	11.394	10.8255
5B	12.5325	12.81675
5B	13.101	12.81675
5B	14.808	15.3765
5B	15.3765	15.3765
5B	15.945	15.3765
5B	17.082	17.082
5B	18.219	18.219
5B	26.242	26.242
5B	29.095	29.095
5B	31.948	31.948
5B	33.0855	33.0855
5B	34.223	35.5216428571
5B	34.791	35.5216428571
5B	35.359	35.5216428571
5B	35.3595	35.5216428571
5B	35.9275	35.5216428571
5B	36.4955	35.5216428571
5B	36.496	35.5216428571
5B	37.064	38.3426875
5B	37.632	38.3426875
5B	37.6325	38.3426875
5B	38.2005	38.3426875
5B	38.7685	38.3426875
5B	38.769	38.3426875
5B	39.337	38.3426875
5B	39.338	38.3426875
5B	39.905	39.9055
5B	39.906	39.9055
5B	41.0425	41.0425
5B	42.18	42.46475
5B	42.7495	42.46475
5B	43.887	43.887
5B	45.594	45.594
5B	46.731	46.731
5B	47.868	49.005
5B	48.4365	49.005
5B	49.005	49.005
5B	49.5735	49.005
5B	50.142	49.005
5B	50.71	50.994
5B	51.278	50.994
5B	52.4275	52.4275
5B	53.577	53.577
5B	55.869	55.869
5B	58.161	58.161
5B	60.44	60.44
5B	62.719	63.8553333333
5B	63.287	63.8553333333
5B	63.855	63.8553333333
5B	63.8555	63.8553333333
5B	64.4235	63.8553333333
5B	64.992	63.8553333333
5B	65.5625	65.5625
5B	66.699	66.699
5B	67.8365	68.12125
5B	68.406	68.12125
5B	69.5435	69.5435
5B	70.681	70.681
5B	72.96	72.96
5B	75.239	76.3753
5B	75.807	76.3753
5B	76.375	76.3753
5B	76.9435	76.3753
5B	77.512	76.3753
5B	78.649	78.649
5B	79.786	80.9227
5B	80.3545	80.9227
5B	80.923	80.9227
5B	81.491	80.9227
5B	82.059	80.9227
5B	82.6275	82.91175
5B	83.196	82.91175
5B	84.903	84.903
5B	86.61	87.1785
5B	87.1785	87.1785
5B	87.747	87.1785
5B	89.454	89.454
5B	91.161	92.2977
5B	91.7295	92.2977
5B	92.298	92.2977
5B	92.866	92.2977
5B	93.434	92.2977
5B	94.0025	95.04425
5B	94.5705	95.04425
5B	94.571	95.04425
5B	95.139	95.04425
5B	95.707	95.04425
5B	96.2755	95.04425
5B	96.844	96.844
5B	97.981	97.981
5B	99.118	100.2547
5B	99.6865	100.2547
5B	100.255	100.2547
5B	100.823	100.2547
5B	101.391	100.2547
5B	102.529	102.529
5B	103.666	104.8022
5B	104.234	104.8022
5B	104.802	104.8022
5B	105.37	104.8022
5B	105.939	104.8022
5B	107.076	108.2128
5B	107.644	108.2128
5B	108.213	108.2128
5B	108.781	108.2128
5B	109.35	108.2128
5B	109.918	110.96
5B	110.486	110.96
5B	110.487	110.96
5B	111.055	110.96
5B	111.623	110.96
5B	112.191	110.96
5B	112.759	113.9066
5B	113.328	113.9066
5B	113.896	113.9066
5B	114.482	113.9066
5B	115.068	113.9066
5B	124.298	124.298
5B	126.005	126.005
5B	127.712	127.712
5B	128.849	129.9858
5B	129.417	129.9858
5B	129.986	129.9858
5B	130.554	129.9858
5B	131.123	129.9858
5B	132.26	133.3968
5B	132.828	133.3968
5B	133.397	133.3968
5B	133.965	133.3968
5B	134.534	133.3968
5B	135.102	135.386
5B	135.67	135.386
5B	136.808	136.808
5B	137.945	139.0812
5B	138.513	139.0812
5B	139.081	139.0812
5B	139.649	139.0812
5B	140.218	139.0812
5B	140.786	141.07
5B	141.354	141.07
5B	142.491	142.491
5B	143.628	144.7648
5B	144.196	144.7648
5B	144.765	144.7648
5B	145.333	144.7648
5B	145.902	144.7648
5B	147.039	147.039
5B	148.177	148.177
5B	149.885	150.169
5B	150.453	150.169
5B	151.593	152.161333333
5B	152.161	152.161333333
5B	152.73	152.161333333
5B	153.867	153.867
5B	155.004	155.004
5D	0.0	0.0
5D	1.137	1.137
5D	2.274	2.8425
5D	2.8425	2.8425
5D	3.411	2.8425
5D	4.548	4.548
5D	5.685	5.685
5D	6.822	6.822
5D	7.959	8.5275
5D	8.5275	8.5275
5D	9.096	8.5275
5D	10.233	10.233
5D	11.37	11.37025
5D	11.3705	11.37025
5D	12.5075	12.5075
5D	13.645	13.645
5D	14.782	14.782
5D	15.919	16.487
5D	16.487	16.487
5D	17.055	16.487
5D	18.1925	18.1925
5D	19.33	19.898
5D	19.898	19.898
5D	20.466	19.898
5D	21.6035	21.6035
5D	22.741	24.0397857143
5D	23.309	24.0397857143
5D	23.877	24.0397857143
5D	23.8775	24.0397857143
5D	24.4455	24.0397857143
5D	25.014	24.0397857143
5D	25.0145	24.0397857143
5D	25.5825	26.9089166667
5D	26.151	26.9089166667
5D	26.7195	26.9089166667
5D	27.288	26.9089166667
5D	27.856	26.9089166667
5D	27.8565	26.9089166667
5D	28.4245	29.4903125
5D	28.425	29.4903125
5D	28.993	29.4903125
5D	29.561	29.4903125
5D	29.5615	29.4903125
5D	30.1295	29.4903125
5D	30.13	29.4903125
5D	30.698	29.4903125
5D	31.2665	32.4035
5D	31.835	32.4035
5D	32.4035	32.4035
5D	32.972	32.4035
5D	33.5405	32.4035
5D	34.109	35.2453333333
5D	34.677	35.2453333333
5D	35.245	35.2453333333
5D	35.2455	35.2453333333
5D	35.8135	35.2453333333
5D	36.382	35.2453333333
5D	36.95	37.80275
5D	37.518	37.80275
5D	38.0875	37.80275
5D	38.6555	37.80275
5D	39.793	40.9293
5D	40.361	40.9293
5D	40.929	40.9293
5D	41.4975	40.9293
5D	42.066	40.9293
5D	42.634	43.486375
5D	43.202	43.486375
5D	43.7705	43.486375
5D	44.339	43.486375
5D	45.476	45.476
5D	46.613	46.613
5D	47.75	47.75
5D	48.887	49.676
5D	49.676	49.676
5D	50.465	49.676
5D	51.4005	51.86825
5D	52.336	51.86825
5D	60.359	60.359
5D	61.4995	62.6414
5D	62.0715	62.6414
5D	62.64	62.6414
5D	63.212	62.6414
5D	63.784	62.6414
5D	64.352	65.1476
5D	64.92	65.1476
5D	64.9205	65.1476
5D	65.4885	65.1476
5D	66.057	65.1476
5D	68.91	68.91
5D	71.763	71.763
5D	72.9005	72.9005
5D	74.038	75.1743333333
5D	74.606	75.1743333333
5D	75.174	75.1743333333
5D	75.1745	75.1743333333
5D	75.7425	75.1743333333
5D	76.311	75.1743333333
5D	76.879	78.0155
5D	77.447	78.0155
5D	78.0155	78.0155
5D	78.584	78.0155
5D	79.152	78.0155
5D	79.72	80.8567
5D	80.2885	80.8567
5D	80.857	80.8567
5D	81.425	80.8567
5D	81.993	80.8567
5D	82.5615	82.84575
5D	83.13	82.84575
5D	84.267	84.267
5D	85.404	85.404
5D	86.5415	86.5415
5D	87.679	87.679
5D	88.816	88.816
5D	89.953	89.953
5D	91.09	91.09
5D	92.227	92.227
5D	93.364	93.364
5D	94.501	94.501
5D	95.6385	95.6385
5D	96.776	97.9123
5D	97.344	97.9123
5D	97.912	97.9123
5D	98.4805	97.9123
5D	99.049	97.9123
5D	99.617	99.901
5D	100.185	99.901
5D	101.322	101.322
5D	102.46	103.5964
5D	103.028	103.5964
5D	103.596	103.5964
5D	104.165	103.5964
5D	104.733	103.5964
5D	105.301	106.4378
5D	105.869	106.4378
5D	106.438	106.4378
5D	107.006	106.4378
5D	107.575	106.4378
5D	108.143	109.2794
5D	108.711	109.2794
5D	109.279	109.2794
5D	109.848	109.2794
5D	110.416	109.2794
5D	111.553	112.121333333
5D	112.121	112.121333333
5D	112.69	112.121333333
5D	113.827	113.827
5D	114.964	114.964
5D	116.102	116.102
5D	117.239	117.807
5D	117.807	117.807
5D	118.375	117.807
5D	119.512	119.512
5D	120.649	120.6495
5D	120.65	120.6495
5D	121.787	122.9236
5D	122.355	122.9236
5D	122.924	122.9236
5D	123.492	122.9236
5D	124.06	122.9236
5D	125.197	125.197
5D	126.335	126.335
5D	127.472	127.472
5D	128.609	128.609
5D	130.316	130.316
5D	132.023	133.1596
5D	132.591	133.1596
5D	133.16	133.1596
5D	133.728	133.1596
5D	134.296	133.1596
5D	135.433	135.433
5D	136.571	137.7072
5D	137.139	137.7072
5D	137.707	137.7072
5D	138.275	137.7072
5D	138.844	137.7072
5D	139.981	139.981
5D	141.118	141.742
5D	141.742	141.742
5D	142.366	141.742
5D	146.812	147.38
5D	147.38	147.38
5D	147.948	147.38
5D	150.096	150.096
5D	152.244	152.244
5D	153.512	153.512
5D	154.779	155.9156
5D	155.347	155.9156
5D	155.916	155.9156
5D	156.484	155.9156
5D	157.052	155.9156
5D	158.19	158.19
5D	159.327	160.463333333
5D	159.895	160.463333333
5D	160.463	160.463333333
5D	160.464	160.463333333
5D	161.031	160.463333333
5D	161.6	160.463333333
5D	163.307	163.307
5D	165.014	165.014
5D	166.721	166.721
5D	168.429	169.5652
5D	168.997	169.5652
5D	169.565	169.5652
5D	170.133	169.5652
5D	170.702	169.5652
6A	0.0	0.0
6A	1.707	1.707
6A	3.414	3.414
6A	5.693	5.693
6A	7.972	7.972
6A	9.1095	9.1095
6A	10.247	10.247
6A	19.44	19.44
6A	22.293	22.293
6A	25.146	25.7165
6A	25.7165	25.7165
6A	26.287	25.7165
6A	27.426	27.426
6A	28.5625	29.6198571429
6A	28.565	29.6198571429
6A	29.133	29.6198571429
6A	29.701	29.6198571429
6A	30.2695	29.6198571429
6A	30.27	29.6198571429
6A	30.838	29.6198571429
6A	31.4065	31.69075
6A	31.975	31.69075
6A	34.828	34.828
6A	37.681	37.681
6A	40.5345	40.5345
6A	43.388	44.6866428571
6A	43.956	44.6866428571
6A	44.524	44.6866428571
6A	44.5245	44.6866428571
6A	45.0925	44.6866428571
6A	45.6605	44.6866428571
6A	45.661	44.6866428571
6A	46.229	47.2845
6A	46.797	47.2845
6A	46.7975	47.2845
6A	47.3655	47.2845
6A	47.366	47.2845
6A	47.934	47.2845
6A	48.5025	47.2845
6A	49.071	49.071
6A	50.208	50.208
6A	51.345	52.482
6A	51.9135	52.482
6A	52.482	52.482
6A	53.0505	52.482
6A	53.619	52.482
6A	54.1875	55.211
6A	54.756	55.211
6A	55.325	55.211
6A	55.893	55.211
6A	55.8935	55.211
6A	57.0305	57.0305
6A	58.168	58.45275
6A	58.7375	58.45275
6A	59.875	59.875
6A	61.582	61.582
6A	63.904	63.904
6A	66.226	66.226
6A	67.4055	68.5676
6A	67.9735	68.5676
6A	68.585	68.5676
6A	69.153	68.5676
6A	69.721	68.5676
6A	70.2895	71.4264
6A	70.858	71.4264
6A	71.4265	71.4264
6A	71.995	71.4264
6A	72.563	71.4264
6A	73.131	73.6995
6A	73.6995	73.6995
6A	74.268	73.6995
6A	75.426	75.426
6A	76.584	76.584
6A	79.459	79.459
6A	82.334	82.334
6A	83.471	83.471
6A	84.608	84.608
6A	86.883	88.0193333333
6A	87.451	88.0193333333
6A	88.019	88.0193333333
6A	88.0195	88.0193333333
6A	88.5875	88.0193333333
6A	89.156	88.0193333333
6A	89.724	90.576375
6A	90.292	90.576375
6A	90.8605	90.576375
6A	91.429	90.576375
6A	94.843	95.4115
6A	95.4115	95.4115
6A	95.98	95.4115
6A	97.117	97.117
6A	98.254	98.8225
6A	98.8225	98.8225
6A	99.391	98.8225
6B	0.0	1.29907142857
6B	0.5685	1.29907142857
6B	1.1365	1.29907142857
6B	1.137	1.29907142857
6B	1.705	1.29907142857
6B	2.273	1.29907142857
6B	2.2735	1.29907142857
6B	2.8415	3.978
6B	3.41	3.978
6B	3.978	3.978
6B	4.546	3.978
6B	5.1145	3.978
6B	5.683	5.683
6B	7.39	7.39
6B	9.097	9.097
6B	17.12	17.12
6B	18.827	18.827
6B	20.534	20.534
6B	22.2415	22.2415
6B	23.949	24.517
6B	24.517	24.517
6B	25.085	24.517
6B	26.2225	26.2225
6B	27.36	27.36
6B	28.497	28.497
6B	29.634	29.634
6B	33.048	33.048
6B	34.185	35.322
6B	34.7535	35.322
6B	35.322	35.322
6B	35.8905	35.322
6B	36.459	35.322
6B	37.0275	37.5965
6B	37.596	37.5965
6B	38.166	37.5965
6B	39.303	39.303
6B	41.01	41.01
6B	42.147	42.147
6B	43.284	44.5830714286
6B	43.8525	44.5830714286
6B	44.4205	44.5830714286
6B	44.421	44.5830714286
6B	44.989	44.5830714286
6B	45.557	44.5830714286
6B	45.5575	44.5830714286
6B	46.1255	47.1812142857
6B	46.126	47.1812142857
6B	46.694	47.1812142857
6B	47.2625	47.1812142857
6B	47.8305	47.1812142857
6B	47.831	47.1812142857
6B	48.399	47.1812142857
6B	48.967	50.10375
6B	48.9675	50.10375
6B	49.5355	50.10375
6B	50.1035	50.10375
6B	50.104	50.10375
6B	50.672	50.10375
6B	51.24	50.10375
6B	51.2405	50.10375
6B	51.8085	51.9981666667
6B	51.809	51.9981666667
6B	52.377	51.9981666667
6B	53.514	53.514
6B	54.651	55.788
6B	55.2195	55.788
6B	55.788	55.788
6B	56.3565	55.788
6B	56.925	55.788
6B	58.062	58.062
6B	59.199	60.5254166667
6B	59.7675	60.5254166667
6B	60.336	60.5254166667
6B	60.9045	60.5254166667
6B	61.4725	60.5254166667
6B	61.473	60.5254166667
6B	62.041	62.893375
6B	62.609	62.893375
6B	63.1775	62.893375
6B	63.746	62.893375
6B	65.453	65.453
6B	67.16	68.2967
6B	67.7285	68.2967
6B	68.297	68.2967
6B	68.865	68.2967
6B	69.433	68.2967
6B	70.0015	70.28575
6B	70.57	70.28575
6B	72.277	72.277
6B	73.984	75.1206666667
6B	74.5525	75.1206666667
6B	75.1205	75.1206666667
6B	75.121	75.1206666667
6B	75.689	75.1206666667
6B	76.257	75.1206666667
6B	77.9645	77.9645
6B	79.672	80.24
6B	80.24	80.24
6B	80.808	80.24
6B	81.9455	81.9455
6B	83.083	84.1244166667
6B	83.65	84.1244166667
6B	83.651	84.1244166667
6B	84.219	84.1244166667
6B	84.7875	84.1244166667
6B	85.356	84.1244166667
6B	85.924	86.208
6B	86.492	86.208
6B	88.771	88.771
6B	91.05	91.6185
6B	91.6185	91.6185
6B	92.187	91.6185
6B	93.324	93.324
6B	94.461	95.0295
6B	95.0295	95.0295
6B	95.598	95.0295
6B	96.735	96.735
6B	97.872	97.872
6D	0.0	0.0
6D	1.137	1.137
6D	2.274	3.4107
6D	2.8425	3.4107
6D	3.411	3.4107
6D	3.979	3.4107
6D	4.547	3.4107
6D	6.826	6.826
6D	9.105	9.105
6D	15.966	17.1027
6D	16.5345	17.1027
6D	17.103	17.1027
6D	17.671	17.1027
6D	18.239	17.1027
6D	18.8075	19.9444
6D	19.376	19.9444
6D	19.9445	19.9444
6D	20.513	19.9444
6D	21.081	19.9444
6D	21.649	22.2175
6D	22.2175	22.2175
6D	22.786	22.2175
6D	23.923	23.923
6D	25.06	26.1967
6D	25.6285	26.1967
6D	26.197	26.1967
6D	26.765	26.1967
6D	27.333	26.1967
6D	29.0405	29.0405
6D	30.748	30.748
6D	32.455	32.455
6D	34.162	35.2983333333
6D	34.73	35.2983333333
6D	35.298	35.2983333333
6D	35.2985	35.2983333333
6D	35.8665	35.2983333333
6D	36.435	35.2983333333
6D	37.572	37.572
6D	38.709	40.0351666667
6D	39.2775	40.0351666667
6D	39.846	40.0351666667
6D	40.414	40.0351666667
6D	40.982	40.0351666667
6D	40.9825	40.0351666667
6D	41.5505	42.6875
6D	42.119	42.6875
6D	42.6875	42.6875
6D	43.256	42.6875
6D	43.8245	42.6875
6D	44.393	44.393
6D	45.53	46.5719166667
6D	46.098	46.5719166667
6D	46.0985	46.5719166667
6D	46.666	46.5719166667
6D	47.2355	46.5719166667
6D	47.8035	46.5719166667
6D	48.94	50.0771875
6D	48.941	50.0771875
6D	49.509	50.0771875
6D	50.077	50.0771875
6D	50.0775	50.0771875
6D	50.6455	50.0771875
6D	51.2135	50.0771875
6D	51.214	50.0771875
6D	51.782	52.7295833333
6D	51.783	52.7295833333
6D	52.35	52.7295833333
6D	52.9195	52.7295833333
6D	53.4875	52.7295833333
6D	54.0555	52.7295833333
6D	54.624	55.5988571429
6D	54.625	55.5988571429
6D	55.193	55.5988571429
6D	55.761	55.5988571429
6D	55.7615	55.5988571429
6D	56.3295	55.5988571429
6D	56.898	55.5988571429
6D	57.466	58.5079166667
6D	58.034	58.5079166667
6D	58.0345	58.5079166667
6D	58.6025	58.5079166667
6D	59.171	58.5079166667
6D	59.7395	58.5079166667
6D	60.308	61.2825
6D	60.349	61.2825
6D	60.876	61.2825
6D	61.444	61.2825
6D	62.054	61.2825
6D	62.664	61.2825
6D	64.4125	64.4125
6D	66.161	66.161
6D	67.8685	67.8685
6D	69.576	70.144
6D	70.144	70.144
6D	70.712	70.144
6D	72.4195	72.4195
6D	74.127	74.127
6D	76.406	76.406
6D	78.685	78.685
6D	79.822	79.822
6D	80.959	82.0957
6D	81.5275	82.0957
6D	82.096	82.0957
6D	82.664	82.0957
6D	83.232	82.0957
6D	83.8005	84.84225
6D	84.3685	84.84225
6D	84.369	84.84225
6D	84.937	84.84225
6D	85.505	84.84225
6D	86.0735	84.84225
6D	86.642	86.642
6D	93.503	94.071
6D	94.071	94.071
6D	94.639	94.071
6D	95.7785	96.0625
6D	96.3465	96.0625
6D	98.054	99.1903
6D	98.622	99.1903
6D	99.19	99.1903
6D	99.7585	99.1903
6D	100.327	99.1903
6D	101.464	101.464
6D	102.601	102.601
6D	103.738	103.738
6D	104.875	105.443666667
6D	105.444	105.443666667
6D	106.012	105.443666667
6D	108.296	108.296
6D	110.579	111.8736
6D	111.279	111.8736
6D	111.979	111.8736
6D	112.547	111.8736
6D	112.984	111.8736
6D	113.115	113.115
6D	114.252	114.252
6D	115.39	116.5262
6D	115.958	116.5262
6D	116.526	116.5262
6D	117.094	116.5262
6D	117.663	116.5262
6D	118.8	119.9368
6D	119.368	119.9368
6D	119.937	119.9368
6D	120.505	119.9368
6D	121.074	119.9368
7A	0.0	0.5685
7A	0.5685	0.5685
7A	1.137	0.5685
7A	2.844	2.844
7A	4.551	5.1195
7A	5.1195	5.1195
7A	5.688	5.1195
7A	6.8855	6.8855
7A	8.083	8.083
7A	9.281	9.281
7A	10.479	10.479
7A	12.1865	12.1865
7A	13.894	15.0303
7A	14.462	15.0303
7A	15.03	15.0303
7A	15.5985	15.0303
7A	16.167	15.0303
7A	17.304	17.304
7A	18.441	18.441
7A	20.148	20.148
7A	21.855	21.855
7A	22.9925	22.9925
7A	24.13	24.13
7A	25.267	25.267
7A	26.404	27.5403
7A	26.972	27.5403
7A	27.54	27.5403
7A	28.1085	27.5403
7A	28.677	27.5403
7A	30.384	30.384
7A	32.091	32.091
7A	33.2285	33.2285
7A	34.3655	34.36575
7A	34.366	34.36575
7A	35.503	35.503
7A	36.64	36.64
7A	37.777	37.777
7A	38.914	40.24025
7A	39.4825	40.24025
7A	40.051	40.24025
7A	40.619	40.24025
7A	41.187	40.24025
7A	41.188	40.24025
7A	42.3245	42.3245
7A	43.462	43.462
7A	46.315	46.315
7A	49.168	49.168
7A	50.305	50.305
7A	51.442	52.579
7A	52.0105	52.579
7A	52.579	52.579
7A	53.1475	52.579
7A	53.716	52.579
7A	54.853	54.853
7A	55.99	57.1263333333
7A	56.558	57.1263333333
7A	57.126	57.1263333333
7A	57.1265	57.1263333333
7A	57.6945	57.1263333333
7A	58.263	57.1263333333
7A	58.8315	60.06275
7A	59.4	60.06275
7A	59.968	60.06275
7A	60.536	60.06275
7A	60.5365	60.06275
7A	61.1045	60.06275
7A	61.673	62.9988333333
7A	62.241	62.9988333333
7A	62.809	62.9988333333
7A	63.3775	62.9988333333
7A	63.946	62.9988333333
7A	63.9465	62.9988333333
7A	64.5145	65.895
7A	65.083	65.895
7A	65.6515	65.895
7A	66.2195	65.895
7A	66.22	65.895
7A	66.788	65.895
7A	66.7885	65.895
7A	67.3565	68.5565555556
7A	67.357	68.5565555556
7A	67.925	68.5565555556
7A	68.493	68.5565555556
7A	68.4935	68.5565555556
7A	69.0615	68.5565555556
7A	69.062	68.5565555556
7A	69.63	68.5565555556
7A	69.6305	68.5565555556
7A	70.1985	70.48275
7A	70.767	70.48275
7A	71.904	72.4725
7A	72.4725	72.4725
7A	73.041	72.4725
7A	74.178	74.178
7A	75.315	76.6408333333
7A	75.883	76.6408333333
7A	76.451	76.6408333333
7A	77.0195	76.6408333333
7A	77.588	76.6408333333
7A	77.5885	76.6408333333
7A	78.725	78.725
7A	79.862	79.862
7A	80.9995	80.9995
7A	82.136	83.08375
7A	82.137	83.08375
7A	82.705	83.08375
7A	83.273	83.08375
7A	83.8415	83.08375
7A	84.41	83.08375
7A	84.978	86.2091666667
7A	85.546	86.2091666667
7A	86.1145	86.2091666667
7A	86.6825	86.2091666667
7A	86.683	86.2091666667
7A	87.251	86.2091666667
7A	87.819	87.819
7A	89.5265	89.5265
7A	91.234	91.234
7A	92.941	92.941
7A	94.648	94.648
7A	95.785	95.785
7A	96.922	97.4905
7A	97.4905	97.4905
7A	98.059	97.4905
7A	99.196	99.196
7A	100.333	100.333
7A	101.471	101.471
7A	102.608	103.7444
7A	103.176	103.7444
7A	103.744	103.7444
7A	104.313	103.7444
7A	104.881	103.7444
7A	106.018	106.018
7A	107.156	107.156
7A	108.293	108.293
7A	109.43	109.43
7A	110.567	111.7035
7A	111.135	111.7035
7A	111.703	111.7035
7A	111.704	111.7035
7A	112.272	111.7035
7A	112.84	111.7035
7A	119.701	119.701
7A	120.838	120.838
7A	121.975	122.543333333
7A	122.543	122.543333333
7A	123.112	122.543333333
7A	124.819	124.819
7A	126.526	126.526
7A	127.663	127.663
7A	128.801	128.801
7A	130.508	130.508
7A	132.215	133.3518
7A	132.784	133.3518
7A	133.352	133.3518
7A	133.92	133.3518
7A	134.488	133.3518
7A	135.056	135.3405
7A	135.625	135.3405
7B	0.0	1.13633333333
7B	0.568	1.13633333333
7B	1.136	1.13633333333
7B	1.1365	1.13633333333
7B	1.7045	1.13633333333
7B	2.273	1.13633333333
7B	5.126	5.126
7B	7.979	7.979
7B	9.116	9.116
7B	10.253	10.253
7B	11.3905	11.3905
7B	12.528	12.528
7B	13.664	14.8007
7B	14.2325	14.8007
7B	14.801	14.8007
7B	15.369	14.8007
7B	15.937	14.8007
7B	16.5055	17.6424
7B	17.074	17.6424
7B	17.6425	17.6424
7B	18.211	17.6424
7B	18.779	17.6424
7B	19.347	19.9155
7B	19.9155	19.9155
7B	20.484	19.9155
7B	22.191	22.191
7B	23.898	25.0346666667
7B	24.4665	25.0346666667
7B	25.0345	25.0346666667
7B	25.035	25.0346666667
7B	25.603	25.0346666667
7B	26.171	25.0346666667
7B	27.8785	27.8785
7B	29.586	30.8847857143
7B	30.154	30.8847857143
7B	30.722	30.8847857143
7B	30.7225	30.8847857143
7B	31.2905	30.8847857143
7B	31.859	30.8847857143
7B	31.8595	30.8847857143
7B	32.996	32.996
7B	34.133	34.133
7B	38.691	39.8277
7B	39.2595	39.8277
7B	39.828	39.8277
7B	40.396	39.8277
7B	40.964	39.8277
7B	41.5325	42.76375
7B	42.101	42.76375
7B	42.669	42.76375
7B	43.237	42.76375
7B	43.2375	42.76375
7B	43.8055	42.76375
7B	44.3735	45.5102142857
7B	44.374	45.5102142857
7B	44.942	45.5102142857
7B	45.51	45.5102142857
7B	46.0785	45.5102142857
7B	46.6465	45.5102142857
7B	46.647	45.5102142857
7B	47.215	48.4327857143
7B	47.783	48.4327857143
7B	47.7835	48.4327857143
7B	48.3515	48.4327857143
7B	48.92	48.4327857143
7B	49.488	48.4327857143
7B	49.4885	48.4327857143
7B	50.0565	51.0309285714
7B	50.057	51.0309285714
7B	50.625	51.0309285714
7B	51.193	51.0309285714
7B	51.1935	51.0309285714
7B	51.7615	51.0309285714
7B	52.33	51.0309285714
7B	53.4685	53.75275
7B	54.037	53.75275
7B	55.744	55.744
7B	56.881	58.0179166667
7B	57.4495	58.0179166667
7B	58.0175	58.0179166667
7B	58.018	58.0179166667
7B	58.5865	58.0179166667
7B	59.155	58.0179166667
7B	59.723	60.7649166667
7B	60.291	60.7649166667
7B	60.2915	60.7649166667
7B	60.8595	60.7649166667
7B	61.428	60.7649166667
7B	61.9965	60.7649166667
7B	62.565	62.565
7B	63.702	64.8387
7B	64.2705	64.8387
7B	64.839	64.8387
7B	65.407	64.8387
7B	65.975	64.8387
7B	67.1145	67.3985
7B	67.6825	67.3985
7B	69.39	70.7158333333
7B	69.958	70.7158333333
7B	70.526	70.7158333333
7B	71.0945	70.7158333333
7B	71.663	70.7158333333
7B	71.6635	70.7158333333
7B	72.8	72.8
7B	73.937	74.5055
7B	74.5055	74.5055
7B	75.074	74.5055
7B	77.9185	78.20325
7B	78.488	78.20325
7B	79.6255	79.6255
7B	80.763	81.331
7B	81.331	81.331
7B	81.899	81.331
7B	84.2105	84.2105
7B	86.522	86.522
7B	88.841	89.134
7B	89.427	89.134
7B	91.16	92.3323
7B	91.746	92.3323
7B	92.332	92.3323
7B	92.9185	92.3323
7B	93.505	92.3323
7B	94.0825	95.13025
7B	94.6505	95.13025
7B	94.66	95.13025
7B	95.228	95.13025
7B	95.796	95.13025
7B	96.3645	95.13025
7B	96.933	97.501
7B	97.501	97.501
7B	98.069	97.501
7B	99.7765	99.7765
7B	101.484	101.484
7B	103.191	103.191
7B	104.898	104.898
7B	107.177	107.177
7B	109.456	109.456
7B	110.593	110.593
7B	111.73	112.8672
7B	112.299	112.8672
7B	112.867	112.8672
7B	113.436	112.8672
7B	114.004	112.8672
7B	114.572	115.7088
7B	115.14	115.7088
7B	115.709	115.7088
7B	116.277	115.7088
7B	116.846	115.7088
7B	117.414	117.414
7B	118.551	118.551
7D	0.0	0.5685
7D	0.5685	0.5685
7D	1.137	0.5685
7D	2.844	2.844
7D	4.551	5.1195
7D	5.1195	5.1195
7D	5.688	5.1195
7D	6.825	6.825
7D	7.962	9.0986
7D	8.53	9.0986
7D	9.098	9.0986
7D	9.6675	9.0986
7D	10.2355	9.0986
7D	11.373	11.373
7D	12.51	12.51
7D	13.647	13.647
7D	14.784	14.784
7D	15.921	17.0577
7D	16.4895	17.0577
7D	17.058	17.0577
7D	17.626	17.0577
7D	18.194	17.0577
7D	18.7625	19.04675
7D	19.331	19.04675
7D	20.468	20.468
7D	21.605	21.605
7D	22.7425	22.7425
7D	23.88	24.448
7D	24.448	24.448
7D	25.016	24.448
7D	26.153	26.153
7D	27.29	27.29
7D	30.705	30.705
7D	31.9045	31.9045
7D	33.104	33.735
7D	33.735	33.735
7D	34.366	33.735
7D	35.442	35.7575
7D	36.073	35.7575
7D	37.78	38.3485
7D	38.3485	38.3485
7D	38.917	38.3485
7D	40.054	40.054
7D	41.191	41.191
7D	42.328	42.328
7D	43.465	44.8455
7D	44.0335	44.8455
7D	44.602	44.8455
7D	45.17	44.8455
7D	45.1705	44.8455
7D	45.7385	44.8455
7D	45.739	44.8455
7D	46.307	46.591
7D	46.875	46.591
7D	48.012	48.012
7D	49.149	49.149
7D	50.2865	50.2865
7D	51.424	51.992
7D	51.992	51.992
7D	52.56	51.992
7D	53.6975	53.6975
7D	54.835	56.056
7D	55.403	56.056
7D	55.415	56.056
7D	55.971	56.056
7D	56.5395	56.056
7D	57.108	56.056
7D	57.1205	56.056
7D	57.689	57.9795
7D	58.27	57.9795
7D	59.4205	59.4205
7D	60.571	61.8966666667
7D	61.139	61.8966666667
7D	61.707	61.8966666667
7D	62.2755	61.8966666667
7D	62.8435	61.8966666667
7D	62.844	61.8966666667
7D	63.412	64.208
7D	63.98	64.208
7D	63.981	64.208
7D	64.5495	64.208
7D	65.1175	64.208
7D	66.255	66.255
7D	67.392	67.392
7D	68.529	68.529
7D	70.236	70.52025
7D	70.8045	70.52025
7D	71.943	73.0796666667
7D	72.5115	73.0796666667
7D	73.0795	73.0796666667
7D	73.08	73.0796666667
7D	73.648	73.0796666667
7D	74.216	73.0796666667
7D	74.7845	75.732
7D	74.785	75.732
7D	75.353	75.732
7D	75.9215	75.732
7D	76.49	75.732
7D	77.058	75.732
7D	77.626	78.1946666667
7D	78.195	78.1946666667
7D	78.763	78.1946666667
7D	79.9	81.1076875
7D	80.468	81.1076875
7D	80.4685	81.1076875
7D	81.0365	81.1076875
7D	81.037	81.1076875
7D	81.605	81.1076875
7D	82.173	81.1076875
7D	82.1735	81.1076875
7D	82.7415	84.0023571429
7D	83.31	84.0023571429
7D	83.8785	84.0023571429
7D	83.978	84.0023571429
7D	84.447	84.0023571429
7D	84.5465	84.0023571429
7D	85.115	84.0023571429
7D	85.783	85.783
7D	86.722	87.056
7D	87.39	87.056
7D	88.997	89.565
7D	89.565	89.565
7D	90.133	89.565
7D	91.2705	91.2705
7D	92.408	92.976
7D	92.976	92.976
7D	93.544	92.976
7D	94.6815	94.6815
7D	95.819	96.9553
7D	96.387	96.9553
7D	96.955	96.9553
7D	97.5235	96.9553
7D	98.092	96.9553
7D	98.66	99.7965
7D	99.228	99.7965
7D	99.7965	99.7965
7D	100.365	99.7965
7D	100.933	99.7965
7D	101.501	102.663
7D	102.082	102.663
7D	102.663	102.663
7D	103.244	102.663
7D	103.825	102.663
7D	104.393	104.677
7D	104.961	104.677
7D	106.668	106.668
7D	108.376	109.5124
7D	108.944	109.5124
7D	109.512	109.5124
7D	110.081	109.5124
7D	110.649	109.5124
7D	111.786	111.786
7D	112.923	113.491666667
7D	113.492	113.491666667
7D	114.06	113.491666667
7D	115.197	115.197
7D	116.334	116.334
7D	117.471	117.471
7D	118.608	119.176666667
7D	119.177	119.176666667
7D	119.745	119.176666667
7D	120.882	120.882
7D	122.019	123.1558
7D	122.588	123.1558
7D	123.156	123.1558
7D	123.724	123.1558
7D	124.292	123.1558
7D	124.861	125.7205
7D	125.429	125.7205
7D	126.007	125.7205
7D	126.585	125.7205
7D	128.303	128.303
7D	130.02	131.1564
7D	130.588	131.1564
7D	131.156	131.1564
7D	131.725	131.1564
7D	132.293	131.1564
7D	132.861	133.145
7D	133.429	133.145
7D	135.168	135.168
7D	136.908	136.908
7D	139.219	139.219
7D	141.53	142.6662
7D	142.098	142.6662
7D	142.666	142.6662
7D	143.234	142.6662
7D	143.803	142.6662
7D	144.371	145.22325
7D	144.939	145.22325
7D	145.507	145.22325
7D	146.076	145.22325
7D	147.213	147.213
7D	148.35	148.3505
7D	148.351	148.3505
7D	149.488	150.814
7D	150.055	150.814
7D	150.625	150.814
7D	151.193	150.814
7D	151.761	150.814
7D	151.762	150.814
7D	152.329	152.6135
7D	152.898	152.6135
7D	154.035	154.035
7D	155.172	156.3086
7D	155.74	156.3086
7D	156.309	156.3086
7D	156.877	156.3086
7D	157.445	156.3086
